INSERT INTO `accounts` 
(`account_id`, `account_name`, `account_type_id`, `account_description`, `account_currency_id`, `user_id`) 
VALUES 
((${userId} + 3),'Дебетовая карта',5,'Банковская дебетовая карта',1,${userId}),
((${userId} + 4),'Наличные накопления',1,'Отложенные наличные деньги',1,${userId}),
((${userId} + 6),'Яндекс деньги',15,'Электронные деньги яндекс',1,${userId}),
((${userId} + 7),'Кошелек',1,'Наличные деньги в кошельке',1,${userId}),
((${userId} + 9),'Мастер кард Сити',8,'',1,${userId}),
((${userId} + 10),'Вклад',5,'Накопления',3,${userId}),
((${userId} + 12),'Конверт наличных',1,'',2,${userId}),
((${userId} + 13),'Займ у брата',7,'',1,${userId});

INSERT INTO `account_field_values` 
(`field_value_id`, `account_fieldsaccount_field_id`, `int_value`, `string_value`, `date_value`, `accountsaccount_id`) 
VALUES 
( (${userId} + 16),(${userId} + 6),NULL,'Яндекс деньги',NULL,67),
( (${userId} + 17),(${userId} + 6),NULL,'Электронные деньги яндекс',NULL,68),
( (${userId} + 18),(${userId} + 6),NULL,'2500',NULL,69),
( (${userId} + 28),(${userId} + 7),NULL,'Кошелек',NULL,67),
( (${userId} + 29),(${userId} + 7),NULL,'Наличные деньги в кошельке',NULL,68),
( (${userId} + 30),(${userId} + 7),NULL,'5700',NULL,69),
( (${userId} + 31),(${userId} + 3),NULL,'Дебетовая карта',NULL,67),
( (${userId} + 32),(${userId} + 3),NULL,'1000',NULL,69),
( (${userId} + 33),(${userId} + 3),NULL,'Банковская дебетовая карта',NULL,68),
( (${userId} + 34),(${userId} + 4),NULL,'Наличные накопления',NULL,67),
( (${userId} + 35),(${userId} + 4),NULL,'Отложенные наличные деньги',NULL,68),
( (${userId} + 36),(${userId} + 4),NULL,'500',NULL,69),
( (${userId} + 40),(${userId} + 8),NULL,'Налики2',NULL,67),
( (${userId} + 41),(${userId} + 8),NULL,'Мои наличные, которые всегда со мной',NULL,68),
( (${userId} + 42),(${userId} + 8),NULL,'5 000',NULL,69),
( (${userId} + 52),(${userId} + 10),NULL,'Вклад',NULL,67),
( (${userId} + 53),(${userId} + 10),NULL,'4 500',NULL,69),
( (${userId} + 54),(${userId} + 10),NULL,'Накопления',NULL,68),
( (${userId} + 58),(${userId} + 12),NULL,'Конверт наличных',NULL,67),
( (${userId} + 59),(${userId} + 12),NULL,'',NULL,68),
( (${userId} + 60),(${userId} + 12),NULL,'2 300',NULL,69),
( (${userId} + 61),(${userId} + 9),NULL,'Мастер кард Сити',NULL,67),
( (${userId} + 62),(${userId} + 9),NULL,'',NULL,68),
( (${userId} + 63),(${userId} + 9),NULL,'',NULL,69),
( (${userId} + 67),(${userId} + 13),NULL,'Займ у брата',NULL,67),
( (${userId} + 68),(${userId} + 13),NULL,'',NULL,68),
( (${userId} + 69),(${userId} + 13),NULL,'',NULL,69);

INSERT INTO `calendar` 
(`id`, `user_id`, `chain`, `title`, `near_date`, `start_date`, `last_date`, `type_repeat`, `count_repeat`, `comment`, `dt_create`, `dt_edit`, `infinity`, `week`, `event`, `amount`, `category`) 
VALUES 
((${userId} + 1),${userId},0,'Встреча со страховым агентом','${date}-01 10:30:00','${date}-01','${date}-01',0,0,'по поводу автострахования','${date}-30 17:34:35','${date}-30 17:34:35',0,'','cal','0.00',0),
((${userId} + 2),${userId},0,'Подать заявку на автокредит','${date}-17 14:30:00','${date}-17','${date}-17',0,0,'предварительная заявка на автокредит','${date}-30 17:35:27','${date}-30 17:35:27',0,'','cal','0.00',0),
((${userId} + 3),${userId},0,'Сделать взнос на счет вклада','${date}-14 00:00:00','${date}-14','${date}-14',0,0,'','${date}-30 17:38:24','${date}-30 17:38:24',0,'','cal','0.00',0),
((${userId} + 4),${userId},0,'Внести суммуна счет вклада в банк','${date}-21 10:30:00','${date}-21','${date}-21',0,0,'','${date}-30 17:38:46','${date}-30 17:38:46',0,'','cal','0.00',0),
((${userId} + 5),${userId},0,'Оплатить детский сад','${date}-30 14:30:00','${date}-30','${date}-30',30,0,'','${date}-30 18:08:31','${date}-30 18:08:31',0,'','cal','0.00',0),
((${userId} + 6),${userId},0,'Вернуть долг','${date}-05 16:30:00','${date}-05','${date}-05',0,0,'','${date}-30 18:08:58','${date}-30 18:08:58',0,'','cal','0.00',0),
((${userId} + 7),${userId},0,'Уточнить по поводу акции на мазда 6','${date}-21 00:00:00','${date}-21','${date}-21',0,0,'','${date}-30 18:09:49','${date}-30 18:09:49',0,'','cal','0.00',0);

INSERT INTO `category` (`cat_id`, `cat_parent`, `user_id`, `system_category_id`, `cat_name`, `type`, `cat_active`, `visible`, `often`, `dt_create`, `dt_update`) 
VALUES 
((${userId} + 1),0,${userId},1,'Автомобиль',-1,1,1,0,'${date}-29 23:19:56','${date}-29 19:19:56'),
((${userId} + 2),0,${userId},2,'Банковское обслуживание',-1,1,1,0,'${date}-29 23:19:56','${date}-29 19:19:56'),
((${userId} + 3),0,${userId},3,'Дети',-1,1,1,0,'${date}-29 23:19:56','${date}-29 19:19:56'),
((${userId} + 4),0,${userId},4,'Домашнее хозяйство',0,1,1,0,'${date}-29 23:19:56','${date}-29 19:19:56'),
((${userId} + 5),0,${userId},5,'Домашние животные',-1,1,1,0,'${date}-29 23:19:56','${date}-29 19:19:56'),
((${userId} + 6),0,${userId},6,'Досуг и отдых',-1,1,1,0,'${date}-29 23:19:56','${date}-29 19:19:56'),
((${userId} + 7),0,${userId},22,'Зарплата и персональные доходы',1,1,1,0,'${date}-29 23:19:56','${date}-29 19:19:56'),
((${userId} + 8),0,${userId},23,'Инвестиционный доход',1,1,1,0,'${date}-29 23:19:56','${date}-29 19:19:56'),
((${userId} + 9),0,${userId},7,'Коммунальные платежи',-1,1,1,0,'${date}-29 23:19:56','${date}-29 19:19:56'),
((${userId} + 10),0,${userId},8,'Медицина',-1,1,1,0,'${date}-29 23:19:56','${date}-29 19:19:56'),
((${userId} + 11),0,${userId},9,'Налоги, сборы и взносы',-1,1,1,0,'${date}-29 23:19:56','${date}-29 19:19:56'),
((${userId} + 12),0,${userId},10,'Образование',-1,1,1,0,'${date}-29 23:19:56','${date}-29 19:19:56'),
((${userId} + 13),0,${userId},11,'Одежда, обувь, аксессуары',-1,1,1,0,'${date}-29 23:19:56','${date}-29 19:19:56'),
((${userId} + 14),0,${userId},12,'Питание',-1,1,1,0,'${date}-29 23:19:56','${date}-29 19:19:56'),
((${userId} + 15),0,${userId},13,'Подарки, помощь родственникам, благотворительность',-1,1,1,0,'${date}-29 23:19:56','${date}-29 19:19:56'),
((${userId} + 16),0,${userId},14,'Проезд, транспорт',-1,1,1,0,'${date}-29 23:19:56','${date}-29 19:19:56'),
((${userId} + 17),0,${userId},15,'Проценты по кредитам и займам',-1,1,1,0,'${date}-29 23:19:56','${date}-29 19:19:56'),
((${userId} + 18),0,${userId},16,'Прочие доходы',1,1,1,0,'${date}-29 23:19:56','${date}-29 19:19:56'),
((${userId} + 19),0,${userId},17,'Прочие личные расходы',-1,1,1,0,'${date}-29 23:19:56','${date}-29 19:19:56'),
((${userId} + 20),0,${userId},18,'Расходы по работе',0,1,1,0,'${date}-29 23:19:56','${date}-29 19:19:56'),
((${userId} + 21),0,${userId},19,'Связь, ТВ и интернет',-1,1,1,0,'${date}-29 23:19:56','${date}-29 19:19:56'),
((${userId} + 22),0,${userId},20,'Страхование',-1,1,1,0,'${date}-29 23:19:56','${date}-29 19:19:56'),
((${userId} + 23),0,${userId},21,'Уход за собой',-1,1,1,0,'${date}-29 23:19:56','${date}-29 19:19:56'),
((${userId} + 24),(${userId} + 1),${userId},1,'Стоянка',-1,1,1,0,'${date}-29 23:19:56','${date}-29 19:19:56'),
((${userId} + 25),(${userId} + 1),${userId},1,'Платные дороги, штрафы',-1,1,1,0,'${date}-29 23:19:56','${date}-29 19:19:56'),
((${userId} + 26),(${userId} + 1),${userId},1,'Техническое обслуживание, ремонт автомобиля',-1,1,1,0,'${date}-29 23:19:56','${date}-29 19:19:56'),
((${userId} + 27),(${userId} + 1),${userId},1,'Бензин',-1,1,1,0,'${date}-29 23:19:56','${date}-29 19:19:56'),
((${userId} + 28),(${userId} + 1),${userId},1,'Мойка автомобиля',-1,1,1,0,'${date}-29 23:19:56','${date}-29 19:19:56'),
((${userId} + 29),(${userId} + 1),${userId},1,'Аренда автомобиля',-1,1,1,0,'${date}-29 23:19:56','${date}-29 19:19:56'),
((${userId} + 30),(${userId} + 2),${userId},2,'Комиссия банкомата',-1,1,1,0,'${date}-29 23:19:56','${date}-29 19:19:56'),
((${userId} + 31),(${userId} + 2),${userId},2,'Оплата услуг банка',-1,1,1,0,'${date}-29 23:19:56','${date}-29 19:19:56'),
((${userId} + 32),(${userId} + 3),${userId},3,'Хобби, спорт, увлечения детей',-1,1,1,0,'${date}-29 23:19:56','${date}-29 19:19:56'),
((${userId} + 33),(${userId} + 3),${userId},3,'Образование детей',-1,1,1,0,'${date}-29 23:19:56','${date}-29 19:19:56'),
((${userId} + 34),(${userId} + 3),${userId},3,'Оплата няни',-1,1,1,0,'${date}-29 23:19:56','${date}-29 19:19:56'),
((${userId} + 35),(${userId} + 3),${userId},3,'Игрушки',-1,1,1,0,'${date}-29 23:19:56','${date}-29 19:19:56'),
((${userId} + 36),(${userId} + 3),${userId},3,'Медицинские расходы на детей',-1,1,1,0,'${date}-29 23:19:56','${date}-29 19:19:56'),
((${userId} + 37),(${userId} + 3),${userId},3,'Детская одежда и обувь',-1,1,1,0,'${date}-29 23:19:56','${date}-29 19:19:56'),
((${userId} + 38),(${userId} + 3),${userId},3,'Детское питание и гигиена',-1,1,1,0,'${date}-29 23:19:56','${date}-29 19:19:56'),
((${userId} + 39),(${userId} + 4),${userId},4,'Хозяйственные товары и бытовая химия',-1,1,1,0,'${date}-29 23:19:56','${date}-29 19:19:56'),
((${userId} + 40),(${userId} + 4),${userId},4,'Электроника и бытовая техника',-1,1,1,0,'${date}-29 23:19:56','${date}-29 19:19:56'),
((${userId} + 41),(${userId} + 4),${userId},4,'Ремонт обуви',-1,1,1,0,'${date}-29 23:19:56','${date}-29 19:19:56'),
((${userId} + 42),(${userId} + 4),${userId},4,'Уборка дома',-1,1,1,0,'${date}-29 23:19:56','${date}-29 19:19:56'),
((${userId} + 43),(${userId} + 4),${userId},4,'Прочие бытовые услуги',-1,1,1,0,'${date}-29 23:19:56','${date}-29 19:19:56'),
((${userId} + 44),(${userId} + 4),${userId},4,'Ремонт недвижимости',-1,1,1,0,'${date}-29 23:19:56','${date}-29 19:19:56'),
((${userId} + 45),(${userId} + 4),${userId},4,'Покупка мебели и предметов интерьера',-1,1,1,0,'${date}-29 23:19:56','${date}-29 19:19:56'),
((${userId} + 46),(${userId} + 4),${userId},4,'Прачечная и химчистка',-1,1,1,0,'${date}-29 23:19:56','${date}-29 19:19:56'),
((${userId} + 47),(${userId} + 4),${userId},4,'Аренда жилья',-1,1,1,0,'${date}-29 23:19:56','${date}-29 19:19:56'),
((${userId} + 48),(${userId} + 5),${userId},5,'Прочие расходы на животных',-1,1,1,0,'${date}-29 23:19:56','${date}-29 19:19:56'),
((${userId} + 49),(${userId} + 5),${userId},5,'Ветеринар',-1,1,1,0,'${date}-29 23:19:56','${date}-29 19:19:56'),
((${userId} + 50),(${userId} + 5),${userId},5,'Корм',-1,1,1,0,'${date}-29 23:19:56','${date}-29 19:19:56'),
((${userId} + 51),(${userId} + 6),${userId},6,'Спортивные товары',-1,1,1,0,'${date}-29 23:19:56','${date}-29 19:19:56'),
((${userId} + 52),(${userId} + 6),${userId},6,'Фотография',-1,1,1,0,'${date}-29 23:19:56','${date}-29 19:19:56'),
((${userId} + 53),(${userId} + 6),${userId},6,'Рестораны и клубы',-1,1,1,0,'${date}-29 23:19:56','${date}-29 19:19:56'),
((${userId} + 54),(${userId} + 6),${userId},6,'Спортивные события',-1,1,1,0,'${date}-29 23:19:56','${date}-29 19:19:56'),
((${userId} + 55),(${userId} + 6),${userId},6,'Отпуск',-1,1,1,0,'${date}-29 23:19:56','${date}-29 19:19:56'),
((${userId} + 56),(${userId} + 6),${userId},6,'Развлечения',-1,1,1,0,'${date}-29 23:19:56','${date}-29 19:19:56'),
((${userId} + 57),(${userId} + 6),${userId},6,'Компакт-диски',-1,1,1,0,'${date}-29 23:19:56','${date}-29 19:19:56'),
((${userId} + 58),(${userId} + 6), ${userId},6,'Культурные события',-1,1,1,0,'${date}-29 23:19:56','${date}-29 19:19:56'),
((${userId} + 59),(${userId} + 6), ${userId},6,'Кино и прокат видео',-1,1,1,0,'${date}-29 23:19:56','${date}-29 19:19:56'),
((${userId} + 60),(${userId} + 6),${userId},6,'Книги, газеты и журналы',-1,1,1,0,'${date}-29 23:19:56','${date}-29 19:19:56'),
((${userId} + 61),(${userId} + 6),${userId},6,'Игрушки и игры',-1,1,1,0,'${date}-29 23:19:56','${date}-29 19:19:56'),
((${userId} + 62),(${userId} + 7),${userId},22,'Сверхурочное время',1,1,1,0,'${date}-29 23:19:56','${date}-29 19:19:56'),
((${userId} + 63),(${userId} + 7),${userId},22,'Пенсия',1,1,1,0,'${date}-29 23:19:56','${date}-29 19:19:56'),
((${userId} + 64),(${userId} + 7),${userId},22,'Зарплата без налогов',1,1,1,0,'${date}-29 23:19:56','${date}-29 19:19:56'),
((${userId} + 65),(${userId} + 7),${userId},22,'Зарплата вкл. налоги',1,1,1,0,'${date}-29 23:19:56','${date}-29 19:19:56'),
((${userId} + 66),(${userId} + 7),${userId},22,'Бонусы',1,1,1,0,'${date}-29 23:19:56','${date}-29 19:19:56'),
((${userId} + 67),(${userId} + 7),${userId},22,'Доход предпринимателя',1,1,1,0,'${date}-29 23:19:56','${date}-29 19:19:56'),
((${userId} + 68),(${userId} + 8),${userId},23,'Проценты не облагаемые налогом',1,1,1,0,'${date}-29 23:19:56','${date}-29 19:19:56'),
((${userId} + 69),(${userId} + 8),${userId},23,'Проценты полученные',1,1,1,0,'${date}-29 23:19:56','${date}-29 19:19:56'),
((${userId} + 70),(${userId} + 8),${userId},23,'Доход от аренды имущества',1,1,1,0,'${date}-29 23:19:56','${date}-29 19:19:56'),
((${userId} + 71),(${userId} + 8),${userId},23,'Доходы от прироста капитала',1,1,1,0,'${date}-29 23:19:56','${date}-29 19:19:56'),
((${userId} + 72),(${userId} + 8),${userId},23,'Дивиденды',1,1,1,0,'${date}-29 23:19:56','${date}-29 19:19:56'),
((${userId} + 73),(${userId} + 9),${userId},7,'Электричество',-1,1,1,0,'${date}-29 23:19:56','${date}-29 19:19:56'),
((${userId} + 74),(${userId} + 9),${userId},7,'Консъержи и охрана',-1,1,1,0,'${date}-29 23:19:56','${date}-29 19:19:56'),
((${userId} + 75),(${userId} + 9),${userId},7,'Отопление',-1,1,1,0,'${date}-29 23:19:56','${date}-29 19:19:56'),
((${userId} + 76),(${userId} + 9),${userId},7,'Газ',-1,1,1,0,'${date}-29 23:19:56','${date}-29 19:19:56'),
((${userId} + 77),(${userId} + 9),${userId},7,'Квартплата',-1,1,1,0,'${date}-29 23:19:56','${date}-29 19:19:56'),
((${userId} + 78),(${userId} + 9),${userId},7,'Водоснабжение',-1,1,1,0,'${date}-29 23:19:56','${date}-29 19:19:56'),
((${userId} + 79),(${userId} + 9),${userId},7,'Вывоз мусора, канализация',-1,1,1,0,'${date}-29 23:19:56','${date}-29 19:19:56'),
((${userId} + 80),(${userId} + 10),${userId},8,'Терапевт и другие врачи',-1,1,1,0,'${date}-29 23:19:56','${date}-29 19:19:56'),
((${userId} + 81),(${userId} + 10),${userId},8,'Лекарства',-1,1,1,0,'${date}-29 23:19:56','${date}-29 19:19:56'),
((${userId} + 82),(${userId} + 10),${userId},8,'Стоматология',-1,1,1,0,'${date}-29 23:19:56','${date}-29 19:19:56'),
((${userId} + 83),(${userId} + 10),${userId},8,'Больница',-1,1,1,0,'${date}-29 23:19:56','${date}-29 19:19:56'),
((${userId} + 84),(${userId} + 11),${userId},9,'Членские взносы',-1,1,1,0,'${date}-29 23:19:56','${date}-29 19:19:56'),
((${userId} + 85),(${userId} + 11),${userId},9,'Подоходный налог - прошлого года',-1,1,1,0,'${date}-29 23:19:56','${date}-29 19:19:56'),
((${userId} + 86),(${userId} + 11),${userId},9,'Почтовые расходы и оформление документов',-1,1,1,0,'${date}-29 23:19:56','${date}-29 19:19:56'),
((${userId} + 87),(${userId} + 11),${userId},9,'Налог на имущество',-1,1,1,0,'${date}-29 23:19:56','${date}-29 19:19:56'),
((${userId} + 88),(${userId} + 11),${userId},9,'Подоходный налог',-1,1,1,0,'${date}-29 23:19:56','${date}-29 19:19:56'),
((${userId} + 89),(${userId} + 11),${userId},9,'Другие налоги и сборы',-1,1,1,0,'${date}-29 23:19:56','${date}-29 19:19:56'),
((${userId} + 90),(${userId} + 12),${userId},10,'Обучение',-1,1,1,0,'${date}-29 23:19:56','${date}-29 19:19:56'),
((${userId} + 91),(${userId} + 12),${userId},10,'Прочие образовательные расходы',-1,1,1,0,'${date}-29 23:19:56','${date}-29 19:19:56'),
((${userId} + 92),(${userId} + 12),${userId},10,'Книги и учебники',-1,1,1,0,'${date}-29 23:19:56','${date}-29 19:19:56'),
((${userId} + 93),(${userId} + 13),${userId},11,'Одежда',-1,1,1,0,'${date}-29 23:19:56','${date}-29 19:19:56'),
((${userId} + 94),(${userId} + 13),${userId},11,'Аксессуары',-1,1,1,0,'${date}-29 23:19:56','${date}-29 19:19:56'),
((${userId} + 95),(${userId} + 13),${userId},11,'Обувь',-1,1,1,0,'${date}-29 23:19:56','${date}-29 19:19:56'),
((${userId} + 96),(${userId} + 14),${userId},12,'Обеды вне дома',-1,1,1,0,'${date}-29 23:19:56','${date}-29 19:19:56'),
((${userId} + 97),(${userId} + 14),${userId},12,'Питание дома',-1,1,1,0,'${date}-29 23:19:56','${date}-29 19:19:56'),
((${userId} + 98),(${userId} + 14),${userId},12,'Алкоголь, табачные изделия',-1,1,1,0,'${date}-29 23:19:56','${date}-29 19:19:56');

INSERT INTO `operation` 
(`id`, `user_id`, `money`, `date`, `cat_id`, `account_id`, `drain`, `comment`, `transfer`, `tr_id`, `imp_date`, `imp_id`, `tags`, `type`, `dt_create`, `dt_update`) 
VALUES 
((${userId} + 1),${userId},'-750.00','${date}-07', (${userId} + 28), (${userId} + 1),1,'автомойка на Кашире',0,NULL,NULL,NULL,'',0,'${date}-29 23:36:41','${date}-29 19:36:41'),
((${userId} + 2),${userId},'1500.00','${date}-29', (${userId} + 0), (${userId} + 2),0,'Начальный остаток',0,NULL,NULL,NULL,NULL,0,'${date}-29 23:40:48','${date}-29 19:40:48'),
((${userId} + 3),${userId},'1000.00','${date}-30', (${userId} + 0), (${userId} + 3),0,'Начальный остаток',0,NULL,NULL,NULL,NULL,0,'${date}-29 23:47:05','${date}-29 19:47:05'),
((${userId} + 4),${userId},'500.00','${date}-30', (${userId} + 0), (${userId} + 4),0,'Начальный остаток',0,NULL,NULL,NULL,NULL,0,'${date}-29 23:48:29','${date}-29 19:48:29'),
((${userId} + 5),${userId},'700.00','${date}-30', (${userId} + 0), (${userId} + 5),0,'Начальный остаток',0,NULL,NULL,NULL,NULL,0,'${date}-30 19:24:12','${date}-30 15:24:12'),
((${userId} + 6),${userId},'2500.00','${date}-30', (${userId} + 0), (${userId} + 6),0,'Начальный остаток',0,NULL,NULL,NULL,NULL,0,'${date}-30 19:24:34','${date}-30 15:24:34'),
((${userId} + 7),${userId},'-900.00','${date}-01', (${userId} + 27), (${userId} + 1),1,'на МКАД',0,NULL,NULL,NULL,'личное',0,'${date}-30 19:27:05','${date}-30 15:27:05'),
((${userId} + 8),${userId},'-700.00','2008-10-03', (${userId} + 40), (${userId} + 5),1,'Купил нетбук на деньги брата - надо будет вернуть с зарплаты',0,NULL,NULL,NULL,'компьютер магазин_компик',0,'${date}-30 19:31:22','${date}-30 15:31:22'),
((${userId} + 9),${userId},'90000.00','${date}-01', (${userId} + 64), (${userId} + 2),0,'70% аванс за август',0,NULL,NULL,NULL,'основной доход',0,'${date}-30 19:31:47','${date}-30 15:31:47'),
((${userId} + 10),${userId},'5700.00','${date}-30', (${userId} + 0), (${userId} + 7),0,'Начальный остаток',0,NULL,NULL,NULL,NULL,0,'${date}-30 19:36:29','${date}-30 15:36:29'),
((${userId} + 11),${userId},'89000.00','${date}-01', (${userId} + 67), (${userId} + 3),0,'Дополнительный заработок',0,NULL,NULL,NULL,'подработка',0,'${date}-30 19:39:20','${date}-30 15:39:20'),
((${userId} + 13),${userId},'0.00','${date}-30', (${userId} + 0), (${userId} + 9),0,'Начальный остаток',0,NULL,NULL,NULL,NULL,0,'${date}-30 20:01:42','${date}-30 16:01:42'),
((${userId} + 14),${userId},'4500.00','${date}-30', (${userId} + 0), (${userId} + 10),0,'Начальный остаток',0,NULL,NULL,NULL,NULL,0,'${date}-30 20:02:33','${date}-30 16:02:33'),
((${userId} + 15),${userId},'0.00','${date}-30', (${userId} + 0), (${userId} + 11),0,'Начальный остаток',0,NULL,NULL,NULL,NULL,0,'${date}-30 20:03:20','${date}-30 16:03:20'),
((${userId} + 16),${userId},'2300.00','${date}-30', (${userId} + 0), (${userId} + 12),0,'Начальный остаток',0,NULL,NULL,NULL,NULL,0,'${date}-30 20:04:04','${date}-30 16:04:04'),
((${userId} + 17),${userId},'-1250.00','${date}-09', (${userId} + 21), (${userId} + 6),1,'',0,NULL,NULL,NULL,'развлечения',0,'${date}-30 20:11:01','${date}-30 16:11:01'),
((${userId} + 18),${userId},'-5400.00','${date}-03', (${userId} + 26), (${userId} + 9),1,'ТО 60000 км',0,NULL,NULL,NULL,'авто',0,'${date}-30 20:12:07','${date}-30 16:12:07'),
((${userId} + 19),${userId},'-700.00','2008-09-30', (${userId} + 40), (${userId} + 11),1,'купил нетбук',0,NULL,NULL,NULL,'компьютер магазин_компик',0,'${date}-30 20:12:23','${date}-30 16:12:23'),
((${userId} + 20),${userId},'0.00','${date}-30', (${userId} + 0), (${userId} + 13),0,'Начальный остаток',0,NULL,NULL,NULL,NULL,0,'${date}-30 20:15:37','${date}-30 16:15:37'),
((${userId} + 21),${userId},'-3000.00','${date}-12', (${userId} + 0), (${userId} + 3),1,'',9,1,NULL,NULL,NULL, 0,'0000-00-00 00:00:00','${date}-30 16:16:23'),
((${userId} + 22),${userId},'3000.00','${date}-12', (${userId} + 0), (${userId} + 9),1,'',3,1,NULL,NULL,NULL,0,'0000-00-00 00:00:00','${date}-30 16:16:23'),
((${userId} + 23),${userId},'-4500.00','${date}-15', (${userId} + 0), (${userId} + 13),1,'',7,1,NULL,NULL,NULL,0,'0000-00-00 00:00:00','${date}-30 16:22:40'),
((${userId} + 24),${userId},'4500.00','${date}-15', (${userId} + 0), (${userId} + 7),1,'',13,1,NULL,NULL,NULL,0,'0000-00-00 00:00:00','${date}-30 16:22:40'),
((${userId} + 25),${userId},'-2300.00','${date}-18', (${userId} + 37), (${userId} + 3),1,'',0,NULL,NULL,NULL,'дети',0,'${date}-30 20:26:32','${date}-30 16:26:32'),
((${userId} + 26),${userId},'-450.00','${date}-15', (${userId} + 96), (${userId} + 7),1,'',0,NULL,NULL,NULL,'обеды',0,'${date}-30 20:27:01','${date}-30 16:27:01'),
((${userId} + 27),${userId},'-2300.00','${date}-08', (${userId} + 98), (${userId} + 7),1,'',0,NULL,NULL,NULL,'день рождения',0,'${date}-30 20:27:23','${date}-30 16:27:23'),
((${userId} + 28),${userId},'-4800.00','${date}-08', (${userId} + 93), (${userId} + 3),1,'',0,NULL,NULL,NULL,'одежда для работы',0,'${date}-30 20:28:07','${date}-30 16:28:07'),
((${userId} + 29),${userId},'-2300.00','${date}-25', (${userId} + 92), (${userId} + 3),1,'',0,NULL,NULL,NULL,'проффесинальная литература',0,'${date}-30 20:29:06','${date}-30 16:29:06'),
((${userId} + 30),${userId},'-370.00','${date}-25', (${userId} + 15), (${userId} + 7),1,'',0,NULL,NULL,NULL,'подарки',0,'${date}-30 20:29:43','${date}-30 16:29:43'),
((${userId} + 31),${userId},'-23000.00','${date}-25', (${userId} + 47), (${userId} + 3),1,'',0,NULL,NULL,NULL,'квартира',0,'${date}-30 20:30:13','${date}-30 16:30:13'),
((${userId} + 32),${userId},'92000.00','${date}-01', (${userId} + 64), (${userId} + 3),0,'',0,NULL,NULL,NULL,'зп',0,'${date}-30 20:30:59','${date}-30 16:30:59'),
((${userId} + 33),${userId},'82000.00','${date}-02', (${userId} + 64), (${userId} + 3),0,'',0,NULL,NULL,NULL,'зп',0,'${date}-30 20:31:19','${date}-30 16:31:19'),
((${userId} + 34),${userId},'-23000.00','${date}-08', (${userId} + 47), (${userId} + 3),1,'аренда за май',0,NULL,NULL,NULL,'квартира',0,'${date}-30 20:33:04','${date}-30 16:33:04'),
((${userId} + 35),${userId},'-23000.00','${date}-09', (${userId} + 47), (${userId} + 3),1,'аренда за май',0,NULL,NULL,NULL,'квартира',0,'${date}-30 20:35:04','${date}-30 16:35:04'),
((${userId} + 36),${userId},'-23000.00','${date}-03', (${userId} + 47), (${userId} + 3),1,'аренда за июль',0,NULL,NULL,NULL,'квартира',0,'${date}-30 20:35:35','${date}-30 16:35:35'),
((${userId} + 37),${userId},'-700.00','${date}-16', (${userId} + 27), (${userId} + 7),1,'',0,NULL,NULL,NULL,'авто',0,'${date}-30 20:36:04','${date}-30 16:36:04'),
((${userId} + 38),${userId},'-890.00','${date}-23', (${userId} + 27), (${userId} + 7),1,'',0,NULL,NULL,NULL,'авто',0,'${date}-30 20:36:17','${date}-30 16:36:17'),
((${userId} + 39),${userId},'-670.00','${date}-27', (${userId} + 27), (${userId} + 7),1,'',0,NULL,NULL,NULL,'авто',0,'${date}-30 20:36:37','${date}-30 16:36:37'),
((${userId} + 40),${userId},'-480.00','${date}-03', (${userId} + 27), (${userId} + 7),1,'',0,NULL,NULL,NULL,'авто',0,'${date}-30 20:36:52','${date}-30 16:36:52'),
((${userId} + 41),${userId},'-1260.00','${date}-11', (${userId} + 27), (${userId} + 3),1,'',0,NULL,NULL,NULL,'авто',0,'${date}-30 20:37:12','${date}-30 16:37:12'),
((${userId} + 42),${userId},'-1034.00','${date}-17', (${userId} + 27), (${userId} + 3),1,'',0,NULL,NULL,NULL,'авто',0,'${date}-30 20:37:32','${date}-30 16:37:32'),
((${userId} + 43),${userId},'-580.00','${date}-22', (${userId} + 27), (${userId} + 3),1,'',0,NULL,NULL,NULL,'авто',0,'${date}-30 20:37:49','${date}-30 16:37:49'),
((${userId} + 44),${userId},'-1230.00','${date}-04', (${userId} + 27), (${userId} + 7),1,'',0,NULL,NULL,NULL,'авто',0,'${date}-30 20:38:10','${date}-30 16:38:10'),
((${userId} + 45),${userId},'-1260.00','${date}-12', (${userId} + 27), (${userId} + 7),1,'',0,NULL,NULL,NULL,'авто',0,'${date}-30 20:38:23','${date}-30 16:38:23'),
((${userId} + 46),${userId},'-890.00','${date}-17', (${userId} + 27), (${userId} + 7),1,'',0,NULL,NULL,NULL,'авто',0,'${date}-30 20:38:34','${date}-30 16:38:34'),
((${userId} + 47),${userId},'-1030.00','${date}-25', (${userId} + 27), (${userId} + 7),1,'',0,NULL,NULL,NULL,'авто',0,'${date}-30 20:38:57','${date}-30 16:38:57'),
((${userId} + 48),${userId},'-780.00','${date}-03', (${userId} + 27), (${userId} + 7),1,'',0,NULL,NULL,NULL,'авто',0,'${date}-30 20:39:11','${date}-30 16:39:11'),
((${userId} + 49),${userId},'-1240.00','${date}-11', (${userId} + 27), (${userId} + 7),1,'',0,NULL,NULL,NULL,'авто',0,'${date}-30 20:39:39','${date}-30 16:39:39'),
((${userId} + 50),${userId},'-1320.00','${date}-23', (${userId} + 27), (${userId} + 7),1,'',0,NULL,NULL,NULL,'авто',0,'${date}-30 20:39:57','${date}-30 16:39:57'),
((${userId} + 51),${userId},'-1200.00','${date}-16', (${userId} + 21), (${userId} + 3),1,'',0,NULL,NULL,NULL,'комуникации',0,'${date}-30 20:41:16','${date}-30 16:41:16'),
((${userId} + 52),${userId},'-1260.00','${date}-15', (${userId} + 21), (${userId} + 3),1,'',0,NULL,NULL,NULL,'комуникации',0,'${date}-30 20:41:37','${date}-30 16:41:37'),
((${userId} + 53),${userId},'8000.00','${date}-01', (${userId} + 67), (${userId} + 6),0,'',0,NULL,NULL,NULL,'подработка',0,'${date}-30 20:43:21','${date}-30 16:43:21'),
((${userId} + 54),${userId},'-1200.00','${date}-11', (${userId} + 21), (${userId} + 6),1,'',0,NULL,NULL,NULL,'коммуникации',0,'${date}-30 20:43:54','${date}-30 16:43:54'),
((${userId} + 55),${userId},'-7800.00','${date}-13', (${userId} + 95), (${userId} + 7),1,'',0,NULL,NULL,NULL,NULL,0,'${date}-30 20:50:12','${date}-30 16:50:12'),
((${userId} + 56),${userId},'-2340.00','${date}-07', (${userId} + 94), (${userId} + 7),1,'',0,NULL,NULL,NULL,NULL,0,'${date}-30 20:50:33','${date}-30 16:50:33'),
((${userId} + 57),${userId},'-2340.00','${date}-07', (${userId} + 94), (${userId} + 7),1,'',0,NULL,NULL,NULL,NULL,0,'${date}-30 20:50:33','${date}-30 16:50:33'),
((${userId} + 58),${userId},'-3400.00','${date}-04', (${userId} + 81), (${userId} + 7),1,'',0,NULL,NULL,NULL,NULL,0,'${date}-30 20:50:53','${date}-30 16:50:53'),
((${userId} + 59),${userId},'-5400.00','${date}-11', (${userId} + 97), (${userId} + 7),1,'',0,NULL,NULL,NULL,'закупки',0,'${date}-30 20:51:26','${date}-30 16:51:26'),
((${userId} + 60),${userId},'-6500.00','${date}-22', (${userId} + 97), (${userId} + 7),1,'',0,NULL,NULL,NULL,'закупки',0,'${date}-30 20:51:38','${date}-30 16:51:38'),
((${userId} + 61),${userId},'-5400.00','${date}-11', (${userId} + 97), (${userId} + 7),1,'',0,NULL,NULL,NULL,'закупки',0,'${date}-30 20:51:53','${date}-30 16:51:53'),
((${userId} + 62),${userId},'-6700.00','${date}-08', (${userId} + 97), (${userId} + 7),1,'',0,NULL,NULL,NULL,'закупки',0,'${date}-30 20:52:07','${date}-30 16:52:07'),
((${userId} + 63),${userId},'-15000.00','${date}-15', (${userId} + 0), (${userId} + 3),1,'',7,1,NULL,NULL,NULL,0,'0000-00-00 00:00:00','${date}-30 16:52:46'),
((${userId} + 64),${userId},'15000.00','${date}-15', (${userId} + 0), (${userId} + 7),1,'',3,1,NULL,NULL,NULL,0,'0000-00-00 00:00:00','${date}-30 16:52:46'),
((${userId} + 65),${userId},'-12000.00','${date}-07', (${userId} + 0), (${userId} + 3),1,'',7,1,NULL,NULL,NULL,0,'0000-00-00 00:00:00','${date}-30 16:53:07'),
((${userId} + 66),${userId},'12000.00','${date}-07', (${userId} + 0), (${userId} + 7),1,'',3,1,NULL,NULL,NULL,0,'0000-00-00 00:00:00','${date}-30 16:53:07'),
((${userId} + 67),${userId},'-20000.00','${date}-20', (${userId} + 0), (${userId} + 3),1,'',7,1,NULL,NULL,NULL,0,'0000-00-00 00:00:00','${date}-30 16:53:22'),
((${userId} + 68),${userId},'20000.00','${date}-20', (${userId} + 0), (${userId} + 7),1,'',3,1,NULL,NULL,NULL,0,'0000-00-00 00:00:00','${date}-30 16:53:22'),
((${userId} + 69),${userId},'-25000.00','${date}-02', (${userId} + 0), (${userId} + 3),1,'',7,1,NULL,NULL,NULL,0,'0000-00-00 00:00:00','${date}-30 16:53:49'),
((${userId} + 70),${userId},'25000.00','${date}-02', (${userId} + 0), (${userId} + 7),1,'',3,1,NULL,NULL,NULL,0,'0000-00-00 00:00:00','${date}-30 16:53:49'),
((${userId} + 71),${userId},'-340.00','${date}-02', (${userId} + 96), (${userId} + 7),1,'',0,NULL,NULL,NULL,'обеды',0,'${date}-30 20:54:46','${date}-30 16:54:46'),
((${userId} + 72),${userId},'-450.00','${date}-03', (${userId} + 96), (${userId} + 7),1,'',0,NULL,NULL,NULL,'обеды',0,'${date}-30 20:55:04','${date}-30 16:55:04'),
((${userId} + 73),${userId},'-230.00','${date}-05', (${userId} + 96), (${userId} + 7),1,'',0,NULL,NULL,NULL,'обеды',0,'${date}-30 20:55:16','${date}-30 16:55:16'),
((${userId} + 74),${userId},'-340.00','${date}-10', (${userId} + 96), (${userId} + 7),1,'',0,NULL,NULL,NULL,'обеды',0,'${date}-30 20:55:28','${date}-30 16:55:28'),
((${userId} + 75),${userId},'-460.00','${date}-17', (${userId} + 96), (${userId} + 7),1,'',0,NULL,NULL,NULL,'обеды',0,'${date}-30 20:55:39','${date}-30 16:55:39'),
((${userId} + 76),${userId},'-650.00','${date}-23', (${userId} + 96), (${userId} + 7),1,'',0,NULL,NULL,NULL,'обеды',0,'${date}-30 20:55:49','${date}-30 16:55:49'),
((${userId} + 77),${userId},'-430.00','${date}-25', (${userId} + 96), (${userId} + 7),1,'',0,NULL,NULL,NULL,'обеды',0,'${date}-30 20:56:01','${date}-30 16:56:01'),
((${userId} + 78),${userId},'-570.00','${date}-08', (${userId} + 96), (${userId} + 7),1,'',0,NULL,NULL,NULL,'обеды',0,'${date}-30 20:56:13','${date}-30 16:56:13'),
((${userId} + 79),${userId},'-310.00','${date}-09', (${userId} + 96), (${userId} + 7),1,'',0,NULL,NULL,NULL,'обеды',0,'${date}-30 20:56:26','${date}-30 16:56:26'),
((${userId} + 80),${userId},'-370.00','${date}-25', (${userId} + 15), (${userId} + 7),1,'',0,NULL,NULL,NULL,'подарки',0,'${date}-30 20:56:43','${date}-30 16:56:43'),
((${userId} + 81),${userId},'-123.00','${date}-06', (${userId} + 1), (${userId} + 7),1,'qweqw',0,NULL,NULL,NULL,'wqeq',0,'${date}-01 01:30:29','${date}-30 21:30:29'),
((${userId} + 82),${userId},'12.00','${date}-01', (${userId} + 0), (${userId} + 14),0,'Начальный остаток',0,NULL,NULL,NULL,NULL,0,'${date}-01 01:32:32','${date}-30 21:32:32');

INSERT INTO `periodic`
 (`id`, `user_id`, `category`, `account`, `drain`, `title`, `date`, `amount`, `type_repeat`, `count_repeat`, `comment`, `dt_create`, `dt_edit`, `infinity`, `last_date`) 
 VALUES 
 ((${userId} + 1),${userId},(${userId} + 17),(${userId} + 3),1,'Погашение долга кредитной карты','${date}-02','2.00',30,0,'внесение минимального платежа по кредитной карте','${date}-30 17:36:48','${date}-30 17:36:48',1,'0000-00-00');

INSERT INTO `tags` 
(`user_id`, `oper_id`, `name`) 
VALUES 
(${userId},(${userId} + 7),'личное'),
(${userId},(${userId} + 8),'компьютер магазин_компик'),
(${userId},(${userId} + 9),'основной доход'),
(${userId},(${userId} + 11),'подработка'),
(${userId},(${userId} + 17),'развлечения'),
(${userId},(${userId} + 18),'авто'),
(${userId},(${userId} + 19),'компьютер магазин_компик'),
(${userId},(${userId} + 25),'дети'),
(${userId},(${userId} + 26),'обеды'),
(${userId},(${userId} + 27),'день рождения'),
(${userId},(${userId} + 28),'одежда для работы'),
(${userId},(${userId} + 29),'проффесинальная литература'),
(${userId},(${userId} + 30),'подарки'),
(${userId},(${userId} + 31),'квартира'),
(${userId},(${userId} + 32),'зп'),
(${userId},(${userId} + 33),'зп'),
(${userId},(${userId} + 34),'квартира'),
(${userId},(${userId} + 35),'квартира'),
(${userId},(${userId} + 36),'квартира'),
(${userId},(${userId} + 37),'авто'),
(${userId},(${userId} + 38),'авто'),
(${userId},(${userId} + 39),'авто'),
(${userId},(${userId} + 40),'авто'),
(${userId},(${userId} + 41),'авто'),
(${userId},(${userId} + 42),'авто'),
(${userId},(${userId} + 43),'авто'),
(${userId},(${userId} + 44),'авто'),
(${userId},(${userId} + 45),'авто'),
(${userId},(${userId} + 46),'авто'),
(${userId},(${userId} + 47),'авто'),
(${userId},(${userId} + 48),'авто'),
(${userId},(${userId} + 49),'авто'),
(${userId},(${userId} + 50),'авто'),
(${userId},(${userId} + 51),'комуникации'),
(${userId},(${userId} + 52),'комуникации'),
(${userId},(${userId} + 53),'подработка'),
(${userId},(${userId} + 54),'коммуникации'),
(${userId},(${userId} + 59),'закупки'),
(${userId},(${userId} + 60),'закупки'),
(${userId},(${userId} + 61),'закупки'),
(${userId},(${userId} + 62),'закупки'),
(${userId},(${userId} + 71),'обеды'),
(${userId},(${userId} + 72),'обеды'),
(${userId},(${userId} + 73),'обеды'),
(${userId},(${userId} + 74),'обеды'),
(${userId},(${userId} + 75),'обеды'),
(${userId},(${userId} + 76),'обеды'),
(${userId},(${userId} + 77),'обеды'),
(${userId},(${userId} + 78),'обеды'),
(${userId},(${userId} + 79),'обеды'),
(${userId},(${userId} + 80),'подарки'),
(${userId},(${userId} + 81),'wqeq');

INSERT INTO `target`
 (`id`, `user_id`, `category_id`, `title`, `type`, `amount`, `date_begin`, `date_end`, `percent_done`, `forecast_done`, `visible`, `photo`, `url`, `comment`, `target_account_id`, `amount_done`, `close`) 
VALUES 
((${userId} + 1),${userId},(${userId} + 1),'Мазда 6','r','980000.00','${date}-01','2010-04-30',0,0,1,'undefined','undefined','',(${userId} + 3),'0.00',0),
((${userId} + 3),${userId},(${userId} + 1),'Поездка в Испанию','r','90000.00','${date}-15','${date}-24',0,0,0,'undefined','undefined','',(${userId} + 3),'0.00',0);

INSERT INTO `target_bill` 
(`id`, `bill_id`, `target_id`, `user_id`, `money`, `dt`, `date`, `comment`, `tags`, `dt_create`, `dt_update`) 
VALUES 
((${userId} + 1),(${userId} +3),(${userId} +1),${userId},'80.00','0000-00-00 00:00:00','0000-00-00','','','${date}-30 20:58:01','${date}-30 16:58:01'),
((${userId} + 3),(${userId} +3),(${userId} +3),${userId},'20.00','0000-00-00 00:00:00','0000-00-00','','','${date}-01 01:30:03','${date}-30 21:30:03');

INSERT INTO `users` 
(`id`, `user_name`, `user_login`, `user_pass`, `user_mail`, `user_created`, `user_active`, `user_new`, `user_currency_default`, `user_currency_list`, `user_type`) 
VALUES 
(${userId},'Демо','${login}','${pass}','demo@demo.easyfinance.ru','${date}-29',1,0,1,'a:5:{i:0;s:1:\"1\";i:1;s:1:\"2\";i:2;s:1:\"4\";i:3;s:2:\"18\";i:4;s:1:\"3\";}',0
